{
  "schemaVersion": 1,
  "id": "onyx",
  "version": "1.4.0",
  "name": "Onyx",
  "description": "Onyx Utility Client",
  "authors": [
    "Integr"
  ],
  "contact": {
    "homepage": "-",
    "sources": "-"
  },
  "license": "CC0-1.0",
  "icon": "assets/onyx/onyx.png",
  "environment": "*",
  "entrypoints": {
    "main": [
      {
        "value": "net.integr.Onyx",
        "adapter": "kotlin"
      }
    ]
  },
  "mixins": [
    "onyx.mixins.json"
  ],
  "depends": {
    "fabricloader": "\u003e\u003d0.15.9",
    "minecraft": "1.21",
    "java": "\u003e\u003d21",
    "fabric-api": "*",
    "fabric-key-binding-api-v1": "*",
    "fabric-language-kotlin": "\u003e\u003d1.9.23"
  },
  "suggests": {
    "another-mod": "*"
  },
  "jars": [
    {
      "file": "META-INF/jars/discord-rpc-release-v3.3.0.jar"
    },
    {
      "file": "META-INF/jars/java-discord-rpc-2.0.1.jar"
    },
    {
      "file": "META-INF/jars/javassist-3.30.2-GA.jar"
    },
    {
      "file": "META-INF/jars/reflections-0.10.2.jar"
    },
    {
      "file": "META-INF/jars/swing-jnafilechooser.jar"
    },
    {
      "file": "META-INF/jars/WaybackAuthLib-1.0.1.jar"
    }
  ]
}