{
  "required": true,
  "package": "net.integr.mixin",
  "compatibilityLevel": "JAVA_21",
  "mixins": [],
  "injectors": {
    "defaultRequire": 1
  },
  "client": [
    "ArmorFeatureRendererMixin",
    "BlockItemMixin",
    "BlockMixin",
    "CapeFeatureRendererMixin",
    "ClientConnectionMixin",
    "ClientPlayerEntityMixin",
    "ClientPlayerInteractionManagerMixin",
    "ClientPlayNetworkHandlerMixin",
    "ClientWorldMixin",
    "ElytraFeatureRendererMixin",
    "EndCrystalEntityRendererMixin",
    "EntityRendererMixin",
    "GameRendererMixin",
    "HeldItemRendererMixin",
    "InGameHudMixin",
    "KeyboardMixin",
    "LightMapTextureManagerMixin",
    "LivingEntityMixin",
    "LivingEntityRendererMixin",
    "MainMixin",
    "MinecraftClientAccessor",
    "MinecraftClientMixin",
    "OtherClientPlayerEntityMixin",
    "PlayerEntityRendererMixin",
    "PlayerInteractItemC2SPacketAccessor",
    "PlayerMoveC2SPacketAccessor",
    "TitleScreenMixin",
    "WorldRendererAccessor",
    "WorldRendererMixin",
    "YggdrasilAuthenticationServiceAccessor",
    "YggdrasilMinecraftSessionServiceAccessor"
  ],
  "refmap": "onyx2-refmap.json"
}