{
  "mappings": {
    "net/integr/mixin/ArmorFeatureRendererMixin": {
      "renderArmor": "Lnet/minecraft/class_970;method_4169(Lnet/minecraft/class_4587;Lnet/minecraft/class_4597;Lnet/minecraft/class_1309;Lnet/minecraft/class_1304;ILnet/minecraft/class_572;)V"
    },
    "net/integr/mixin/BlockItemMixin": {
      "place(Lnet/minecraft/item/ItemPlacementContext;Lnet/minecraft/block/BlockState;)Z": "Lnet/minecraft/class_1747;method_7708(Lnet/minecraft/class_1750;Lnet/minecraft/class_2680;)Z"
    },
    "net/integr/mixin/BlockMixin": {
      "spawnBreakParticles": "Lnet/minecraft/class_2248;method_33614(Lnet/minecraft/class_1937;Lnet/minecraft/class_1657;Lnet/minecraft/class_2338;Lnet/minecraft/class_2680;)V"
    },
    "net/integr/mixin/CapeFeatureRendererMixin": {
      "Lnet/minecraft/client/util/SkinTextures;capeTexture()Lnet/minecraft/util/Identifier;": "Lnet/minecraft/class_8685;comp_1627()Lnet/minecraft/class_2960;",
      "render(Lnet/minecraft/client/util/math/MatrixStack;Lnet/minecraft/client/render/VertexConsumerProvider;ILnet/minecraft/client/network/AbstractClientPlayerEntity;FFFFFF)V": "Lnet/minecraft/class_972;method_4177(Lnet/minecraft/class_4587;Lnet/minecraft/class_4597;ILnet/minecraft/class_742;FFFFFF)V"
    },
    "net/integr/mixin/ClientConnectionMixin": {
      "handlePacket": "Lnet/minecraft/class_2535;method_10759(Lnet/minecraft/class_2596;Lnet/minecraft/class_2547;)V",
      "sendInternal": "Lnet/minecraft/class_2535;method_36942(Lnet/minecraft/class_2596;Lnet/minecraft/class_7648;Z)V"
    },
    "net/integr/mixin/ClientPlayNetworkHandlerMixin": {
      "Lnet/minecraft/client/particle/ParticleManager;addEmitter(Lnet/minecraft/entity/Entity;Lnet/minecraft/particle/ParticleEffect;I)V": "Lnet/minecraft/class_702;method_3051(Lnet/minecraft/class_1297;Lnet/minecraft/class_2394;I)V",
      "Lnet/minecraft/network/NetworkThreadUtils;forceMainThread(Lnet/minecraft/network/packet/Packet;Lnet/minecraft/network/listener/PacketListener;Lnet/minecraft/util/thread/ThreadExecutor;)V": "Lnet/minecraft/class_2600;method_11074(Lnet/minecraft/class_2596;Lnet/minecraft/class_2547;Lnet/minecraft/class_1255;)V",
      "onEntityStatus": "Lnet/minecraft/class_634;method_11148(Lnet/minecraft/class_2663;)V",
      "onExplosion": "Lnet/minecraft/class_634;method_11124(Lnet/minecraft/class_2664;)V",
      "sendChatCommand": "Lnet/minecraft/class_634;method_45730(Ljava/lang/String;)V",
      "sendChatMessage": "Lnet/minecraft/class_634;method_45729(Ljava/lang/String;)V"
    },
    "net/integr/mixin/ClientPlayerEntityMixin": {
      "pushOutOfBlocks": "Lnet/minecraft/class_746;method_30673(DD)V",
      "sendMovementPackets()V": "Lnet/minecraft/class_746;method_3136()V",
      "swingHand": "Lnet/minecraft/class_746;method_6104(Lnet/minecraft/class_1268;)V"
    },
    "net/integr/mixin/ClientPlayerInteractionManagerMixin": {
      "breakBlock": "Lnet/minecraft/class_636;method_2899(Lnet/minecraft/class_2338;)Z",
      "updateBlockBreakingProgress": "Lnet/minecraft/class_636;method_2902(Lnet/minecraft/class_2338;Lnet/minecraft/class_2350;)Z"
    },
    "net/integr/mixin/ClientWorldMixin": {
      "playSound(DDDLnet/minecraft/sound/SoundEvent;Lnet/minecraft/sound/SoundCategory;FFZJ)V": "Lnet/minecraft/class_638;method_43207(DDDLnet/minecraft/class_3414;Lnet/minecraft/class_3419;FFZJ)V",
      "removeEntity": "Lnet/minecraft/class_638;method_2945(ILnet/minecraft/class_1297$class_5529;)V"
    },
    "net/integr/mixin/ElytraFeatureRendererMixin": {
      "Lnet/minecraft/client/util/SkinTextures;capeTexture()Lnet/minecraft/util/Identifier;": "Lnet/minecraft/class_8685;comp_1627()Lnet/minecraft/class_2960;",
      "render(Lnet/minecraft/client/util/math/MatrixStack;Lnet/minecraft/client/render/VertexConsumerProvider;ILnet/minecraft/entity/LivingEntity;FFFFFF)V": "Lnet/minecraft/class_979;method_17161(Lnet/minecraft/class_4587;Lnet/minecraft/class_4597;ILnet/minecraft/class_1309;FFFFFF)V"
    },
    "net/integr/mixin/EndCrystalEntityRendererMixin": {
      "Lnet/minecraft/client/util/math/MatrixStack;scale(FFF)V": "Lnet/minecraft/class_4587;method_22905(FFF)V",
      "Lnet/minecraft/util/math/RotationAxis;rotationDegrees(F)Lorg/joml/Quaternionf;": "Lnet/minecraft/class_7833;rotationDegrees(F)Lorg/joml/Quaternionf;",
      "getYOffset": "Lnet/minecraft/class_892;method_23155(Lnet/minecraft/class_1511;F)F",
      "render(Lnet/minecraft/entity/decoration/EndCrystalEntity;FFLnet/minecraft/client/util/math/MatrixStack;Lnet/minecraft/client/render/VertexConsumerProvider;I)V": "Lnet/minecraft/class_892;method_3908(Lnet/minecraft/class_1511;FFLnet/minecraft/class_4587;Lnet/minecraft/class_4597;I)V"
    },
    "net/integr/mixin/EntityRendererMixin": {
      "renderLabelIfPresent": "Lnet/minecraft/class_897;method_3926(Lnet/minecraft/class_1297;Lnet/minecraft/class_2561;Lnet/minecraft/class_4587;Lnet/minecraft/class_4597;IF)V"
    },
    "net/integr/mixin/GameRendererMixin": {
      "Lnet/minecraft/client/render/GameRenderer;renderHand:Z": "Lnet/minecraft/class_757;field_3992:Z",
      "Lnet/minecraft/client/render/WorldRenderer;drawEntityOutlinesFramebuffer()V": "Lnet/minecraft/class_761;method_3254()V",
      "Lnet/minecraft/util/profiler/Profiler;swap(Ljava/lang/String;)V": "Lnet/minecraft/class_3695;method_15405(Ljava/lang/String;)V",
      "onResized": "Lnet/minecraft/class_757;method_3169(II)V",
      "render": "Lnet/minecraft/class_757;method_3192(Lnet/minecraft/class_9779;Z)V",
      "renderWorld": "Lnet/minecraft/class_757;method_3188(Lnet/minecraft/class_9779;)V",
      "renderWorld(Lnet/minecraft/client/render/RenderTickCounter;)V": "Lnet/minecraft/class_757;method_3188(Lnet/minecraft/class_9779;)V",
      "tiltViewWhenHurt": "Lnet/minecraft/class_757;method_3198(Lnet/minecraft/class_4587;F)V"
    },
    "net/integr/mixin/HeldItemRendererMixin": {
      "Lnet/minecraft/client/render/item/HeldItemRenderer;renderArmHoldingItem(Lnet/minecraft/client/util/math/MatrixStack;Lnet/minecraft/client/render/VertexConsumerProvider;IFFLnet/minecraft/util/Arm;)V": "Lnet/minecraft/class_759;method_3219(Lnet/minecraft/class_4587;Lnet/minecraft/class_4597;IFFLnet/minecraft/class_1306;)V",
      "Lnet/minecraft/client/render/item/HeldItemRenderer;renderItem(Lnet/minecraft/entity/LivingEntity;Lnet/minecraft/item/ItemStack;Lnet/minecraft/client/render/model/json/ModelTransformationMode;ZLnet/minecraft/client/util/math/MatrixStack;Lnet/minecraft/client/render/VertexConsumerProvider;I)V": "Lnet/minecraft/class_759;method_3233(Lnet/minecraft/class_1309;Lnet/minecraft/class_1799;Lnet/minecraft/class_811;ZLnet/minecraft/class_4587;Lnet/minecraft/class_4597;I)V",
      "applySwingOffset": "Lnet/minecraft/class_759;method_3217(Lnet/minecraft/class_4587;Lnet/minecraft/class_1306;F)V",
      "renderFirstPersonItem": "Lnet/minecraft/class_759;method_3228(Lnet/minecraft/class_742;FFLnet/minecraft/class_1268;FLnet/minecraft/class_1799;FLnet/minecraft/class_4587;Lnet/minecraft/class_4597;I)V"
    },
    "net/integr/mixin/InGameHudMixin": {
      "render": "Lnet/minecraft/class_329;method_1753(Lnet/minecraft/class_332;Lnet/minecraft/class_9779;)V",
      "renderHealthBar": "Lnet/minecraft/class_329;method_37298(Lnet/minecraft/class_332;Lnet/minecraft/class_1657;IIIIFIIIZ)V",
      "renderHeldItemTooltip": "Lnet/minecraft/class_329;method_1749(Lnet/minecraft/class_332;)V",
      "renderOverlayMessage": "Lnet/minecraft/class_329;method_55800(Lnet/minecraft/class_332;Lnet/minecraft/class_9779;)V",
      "renderStatusBars": "Lnet/minecraft/class_329;method_1760(Lnet/minecraft/class_332;)V"
    },
    "net/integr/mixin/KeyboardMixin": {
      "onKey": "Lnet/minecraft/class_309;method_1466(JIIII)V"
    },
    "net/integr/mixin/LightMapTextureManagerMixin": {
      "Lnet/minecraft/client/texture/NativeImage;setColor(III)V": "Lnet/minecraft/class_1011;method_4305(III)V",
      "update": "Lnet/minecraft/class_765;method_3313(F)V"
    },
    "net/integr/mixin/LivingEntityMixin": {
      "damage": "Lnet/minecraft/class_1309;method_5643(Lnet/minecraft/class_1282;F)Z",
      "getHandSwingDuration": "Lnet/minecraft/class_1309;method_6028()I",
      "onDeath": "Lnet/minecraft/class_1309;method_6078(Lnet/minecraft/class_1282;)V"
    },
    "net/integr/mixin/LivingEntityRendererMixin": {
      "hasLabel(Lnet/minecraft/entity/LivingEntity;)Z": "Lnet/minecraft/class_922;method_4055(Lnet/minecraft/class_1309;)Z",
      "render(Lnet/minecraft/entity/LivingEntity;FFLnet/minecraft/client/util/math/MatrixStack;Lnet/minecraft/client/render/VertexConsumerProvider;I)V": "Lnet/minecraft/class_922;method_4054(Lnet/minecraft/class_1309;FFLnet/minecraft/class_4587;Lnet/minecraft/class_4597;I)V"
    },
    "net/integr/mixin/MainMixin": {
      "main": "Lnet/minecraft/client/main/Main;main([Ljava/lang/String;)V"
    },
    "net/integr/mixin/MinecraftClientAccessor": {
      "abuseReportContext": "field_39492:Lnet/minecraft/class_7574;",
      "authenticationService": "field_39420:Lcom/mojang/authlib/yggdrasil/YggdrasilAuthenticationService;",
      "currentFps": "field_1738:I",
      "doAttack": "method_1536()Z",
      "gameProfileFuture": "field_45899:Ljava/util/concurrent/CompletableFuture;",
      "networkProxy": "field_1739:Ljava/net/Proxy;",
      "profileKeys": "field_39068:Lnet/minecraft/class_7853;",
      "resourceReloadLogger": "field_33697:Lnet/minecraft/class_6360;",
      "session": "field_1726:Lnet/minecraft/class_320;",
      "sessionService": "field_1723:Lcom/mojang/authlib/minecraft/MinecraftSessionService;",
      "skinProvider": "field_1707:Lnet/minecraft/class_1071;",
      "socialInteractionsManager": "field_26842:Lnet/minecraft/class_5520;",
      "userApiService": "field_26902:Lcom/mojang/authlib/minecraft/UserApiService;"
    },
    "net/integr/mixin/MinecraftClientMixin": {
      "cleanUpAfterCrash": "Lnet/minecraft/class_310;method_1519()V",
      "doAttack": "Lnet/minecraft/class_310;method_1536()Z",
      "doItemPick": "Lnet/minecraft/class_310;method_1511()V",
      "doItemUse": "Lnet/minecraft/class_310;method_1583()V",
      "hasOutline": "Lnet/minecraft/class_310;method_27022(Lnet/minecraft/class_1297;)Z",
      "joinWorld": "Lnet/minecraft/class_310;method_1481(Lnet/minecraft/class_638;Lnet/minecraft/class_434$class_9678;)V",
      "stop": "Lnet/minecraft/class_310;method_1490()V",
      "tick": "Lnet/minecraft/class_310;method_1574()V"
    },
    "net/integr/mixin/OtherClientPlayerEntityMixin": {
      "damage": "Lnet/minecraft/class_745;method_5643(Lnet/minecraft/class_1282;F)Z",
      "tick": "Lnet/minecraft/class_745;method_5773()V"
    },
    "net/integr/mixin/PlayerEntityRendererMixin": {
      "scale(Lnet/minecraft/client/network/AbstractClientPlayerEntity;Lnet/minecraft/client/util/math/MatrixStack;F)V": "Lnet/minecraft/class_1007;method_4217(Lnet/minecraft/class_742;Lnet/minecraft/class_4587;F)V"
    },
    "net/integr/mixin/PlayerInteractItemC2SPacketAccessor": {
      "pitch": "field_51931:F",
      "yaw": "field_51930:F"
    },
    "net/integr/mixin/PlayerMoveC2SPacketAccessor": {
      "changeLook": "field_12888:Z",
      "changePosition": "field_12890:Z",
      "onGround": "field_29179:Z",
      "pitch": "field_12885:F",
      "y": "field_12886:D",
      "yaw": "field_12887:F"
    },
    "net/integr/mixin/TitleScreenMixin": {
      "init": "Lnet/minecraft/class_442;method_25426()V",
      "mouseClicked": "Lnet/minecraft/class_442;method_25402(DDI)Z",
      "render": "Lnet/minecraft/class_442;method_25394(Lnet/minecraft/class_332;IIF)V"
    },
    "net/integr/mixin/WorldRendererAccessor": {
      "entityOutlinesFramebuffer": "field_4101:Lnet/minecraft/class_276;"
    },
    "net/integr/mixin/WorldRendererMixin": {
      "Lnet/minecraft/client/gl/PostEffectProcessor;render(F)V": "Lnet/minecraft/class_279;method_1258(F)V",
      "Lnet/minecraft/client/render/OutlineVertexConsumerProvider;draw()V": "Lnet/minecraft/class_4618;method_23285()V",
      "render": "Lnet/minecraft/class_761;method_22710(Lnet/minecraft/class_9779;ZLnet/minecraft/class_4184;Lnet/minecraft/class_757;Lnet/minecraft/class_765;Lorg/joml/Matrix4f;Lorg/joml/Matrix4f;)V",
      "renderEntity": "Lnet/minecraft/class_761;method_22977(Lnet/minecraft/class_1297;DDDFLnet/minecraft/class_4587;Lnet/minecraft/class_4597;)V",
      "spawnParticle(Lnet/minecraft/particle/ParticleEffect;ZZDDDDDD)Lnet/minecraft/client/particle/Particle;": "Lnet/minecraft/class_761;method_3288(Lnet/minecraft/class_2394;ZZDDDDDD)Lnet/minecraft/class_703;"
    },
    "net/integr/mixin/YggdrasilMinecraftSessionServiceAccessor": {
      "<init>": "<init>"
    }
  },
  "data": {
    "named:intermediary": {
      "net/integr/mixin/ArmorFeatureRendererMixin": {
        "renderArmor": "Lnet/minecraft/class_970;method_4169(Lnet/minecraft/class_4587;Lnet/minecraft/class_4597;Lnet/minecraft/class_1309;Lnet/minecraft/class_1304;ILnet/minecraft/class_572;)V"
      },
      "net/integr/mixin/BlockItemMixin": {
        "place(Lnet/minecraft/item/ItemPlacementContext;Lnet/minecraft/block/BlockState;)Z": "Lnet/minecraft/class_1747;method_7708(Lnet/minecraft/class_1750;Lnet/minecraft/class_2680;)Z"
      },
      "net/integr/mixin/BlockMixin": {
        "spawnBreakParticles": "Lnet/minecraft/class_2248;method_33614(Lnet/minecraft/class_1937;Lnet/minecraft/class_1657;Lnet/minecraft/class_2338;Lnet/minecraft/class_2680;)V"
      },
      "net/integr/mixin/CapeFeatureRendererMixin": {
        "Lnet/minecraft/client/util/SkinTextures;capeTexture()Lnet/minecraft/util/Identifier;": "Lnet/minecraft/class_8685;comp_1627()Lnet/minecraft/class_2960;",
        "render(Lnet/minecraft/client/util/math/MatrixStack;Lnet/minecraft/client/render/VertexConsumerProvider;ILnet/minecraft/client/network/AbstractClientPlayerEntity;FFFFFF)V": "Lnet/minecraft/class_972;method_4177(Lnet/minecraft/class_4587;Lnet/minecraft/class_4597;ILnet/minecraft/class_742;FFFFFF)V"
      },
      "net/integr/mixin/ClientConnectionMixin": {
        "handlePacket": "Lnet/minecraft/class_2535;method_10759(Lnet/minecraft/class_2596;Lnet/minecraft/class_2547;)V",
        "sendInternal": "Lnet/minecraft/class_2535;method_36942(Lnet/minecraft/class_2596;Lnet/minecraft/class_7648;Z)V"
      },
      "net/integr/mixin/ClientPlayNetworkHandlerMixin": {
        "Lnet/minecraft/client/particle/ParticleManager;addEmitter(Lnet/minecraft/entity/Entity;Lnet/minecraft/particle/ParticleEffect;I)V": "Lnet/minecraft/class_702;method_3051(Lnet/minecraft/class_1297;Lnet/minecraft/class_2394;I)V",
        "Lnet/minecraft/network/NetworkThreadUtils;forceMainThread(Lnet/minecraft/network/packet/Packet;Lnet/minecraft/network/listener/PacketListener;Lnet/minecraft/util/thread/ThreadExecutor;)V": "Lnet/minecraft/class_2600;method_11074(Lnet/minecraft/class_2596;Lnet/minecraft/class_2547;Lnet/minecraft/class_1255;)V",
        "onEntityStatus": "Lnet/minecraft/class_634;method_11148(Lnet/minecraft/class_2663;)V",
        "onExplosion": "Lnet/minecraft/class_634;method_11124(Lnet/minecraft/class_2664;)V",
        "sendChatCommand": "Lnet/minecraft/class_634;method_45730(Ljava/lang/String;)V",
        "sendChatMessage": "Lnet/minecraft/class_634;method_45729(Ljava/lang/String;)V"
      },
      "net/integr/mixin/ClientPlayerEntityMixin": {
        "pushOutOfBlocks": "Lnet/minecraft/class_746;method_30673(DD)V",
        "sendMovementPackets()V": "Lnet/minecraft/class_746;method_3136()V",
        "swingHand": "Lnet/minecraft/class_746;method_6104(Lnet/minecraft/class_1268;)V"
      },
      "net/integr/mixin/ClientPlayerInteractionManagerMixin": {
        "breakBlock": "Lnet/minecraft/class_636;method_2899(Lnet/minecraft/class_2338;)Z",
        "updateBlockBreakingProgress": "Lnet/minecraft/class_636;method_2902(Lnet/minecraft/class_2338;Lnet/minecraft/class_2350;)Z"
      },
      "net/integr/mixin/ClientWorldMixin": {
        "playSound(DDDLnet/minecraft/sound/SoundEvent;Lnet/minecraft/sound/SoundCategory;FFZJ)V": "Lnet/minecraft/class_638;method_43207(DDDLnet/minecraft/class_3414;Lnet/minecraft/class_3419;FFZJ)V",
        "removeEntity": "Lnet/minecraft/class_638;method_2945(ILnet/minecraft/class_1297$class_5529;)V"
      },
      "net/integr/mixin/ElytraFeatureRendererMixin": {
        "Lnet/minecraft/client/util/SkinTextures;capeTexture()Lnet/minecraft/util/Identifier;": "Lnet/minecraft/class_8685;comp_1627()Lnet/minecraft/class_2960;",
        "render(Lnet/minecraft/client/util/math/MatrixStack;Lnet/minecraft/client/render/VertexConsumerProvider;ILnet/minecraft/entity/LivingEntity;FFFFFF)V": "Lnet/minecraft/class_979;method_17161(Lnet/minecraft/class_4587;Lnet/minecraft/class_4597;ILnet/minecraft/class_1309;FFFFFF)V"
      },
      "net/integr/mixin/EndCrystalEntityRendererMixin": {
        "Lnet/minecraft/client/util/math/MatrixStack;scale(FFF)V": "Lnet/minecraft/class_4587;method_22905(FFF)V",
        "Lnet/minecraft/util/math/RotationAxis;rotationDegrees(F)Lorg/joml/Quaternionf;": "Lnet/minecraft/class_7833;rotationDegrees(F)Lorg/joml/Quaternionf;",
        "getYOffset": "Lnet/minecraft/class_892;method_23155(Lnet/minecraft/class_1511;F)F",
        "render(Lnet/minecraft/entity/decoration/EndCrystalEntity;FFLnet/minecraft/client/util/math/MatrixStack;Lnet/minecraft/client/render/VertexConsumerProvider;I)V": "Lnet/minecraft/class_892;method_3908(Lnet/minecraft/class_1511;FFLnet/minecraft/class_4587;Lnet/minecraft/class_4597;I)V"
      },
      "net/integr/mixin/EntityRendererMixin": {
        "renderLabelIfPresent": "Lnet/minecraft/class_897;method_3926(Lnet/minecraft/class_1297;Lnet/minecraft/class_2561;Lnet/minecraft/class_4587;Lnet/minecraft/class_4597;IF)V"
      },
      "net/integr/mixin/GameRendererMixin": {
        "Lnet/minecraft/client/render/GameRenderer;renderHand:Z": "Lnet/minecraft/class_757;field_3992:Z",
        "Lnet/minecraft/client/render/WorldRenderer;drawEntityOutlinesFramebuffer()V": "Lnet/minecraft/class_761;method_3254()V",
        "Lnet/minecraft/util/profiler/Profiler;swap(Ljava/lang/String;)V": "Lnet/minecraft/class_3695;method_15405(Ljava/lang/String;)V",
        "onResized": "Lnet/minecraft/class_757;method_3169(II)V",
        "render": "Lnet/minecraft/class_757;method_3192(Lnet/minecraft/class_9779;Z)V",
        "renderWorld": "Lnet/minecraft/class_757;method_3188(Lnet/minecraft/class_9779;)V",
        "renderWorld(Lnet/minecraft/client/render/RenderTickCounter;)V": "Lnet/minecraft/class_757;method_3188(Lnet/minecraft/class_9779;)V",
        "tiltViewWhenHurt": "Lnet/minecraft/class_757;method_3198(Lnet/minecraft/class_4587;F)V"
      },
      "net/integr/mixin/HeldItemRendererMixin": {
        "Lnet/minecraft/client/render/item/HeldItemRenderer;renderArmHoldingItem(Lnet/minecraft/client/util/math/MatrixStack;Lnet/minecraft/client/render/VertexConsumerProvider;IFFLnet/minecraft/util/Arm;)V": "Lnet/minecraft/class_759;method_3219(Lnet/minecraft/class_4587;Lnet/minecraft/class_4597;IFFLnet/minecraft/class_1306;)V",
        "Lnet/minecraft/client/render/item/HeldItemRenderer;renderItem(Lnet/minecraft/entity/LivingEntity;Lnet/minecraft/item/ItemStack;Lnet/minecraft/client/render/model/json/ModelTransformationMode;ZLnet/minecraft/client/util/math/MatrixStack;Lnet/minecraft/client/render/VertexConsumerProvider;I)V": "Lnet/minecraft/class_759;method_3233(Lnet/minecraft/class_1309;Lnet/minecraft/class_1799;Lnet/minecraft/class_811;ZLnet/minecraft/class_4587;Lnet/minecraft/class_4597;I)V",
        "applySwingOffset": "Lnet/minecraft/class_759;method_3217(Lnet/minecraft/class_4587;Lnet/minecraft/class_1306;F)V",
        "renderFirstPersonItem": "Lnet/minecraft/class_759;method_3228(Lnet/minecraft/class_742;FFLnet/minecraft/class_1268;FLnet/minecraft/class_1799;FLnet/minecraft/class_4587;Lnet/minecraft/class_4597;I)V"
      },
      "net/integr/mixin/InGameHudMixin": {
        "render": "Lnet/minecraft/class_329;method_1753(Lnet/minecraft/class_332;Lnet/minecraft/class_9779;)V",
        "renderHealthBar": "Lnet/minecraft/class_329;method_37298(Lnet/minecraft/class_332;Lnet/minecraft/class_1657;IIIIFIIIZ)V",
        "renderHeldItemTooltip": "Lnet/minecraft/class_329;method_1749(Lnet/minecraft/class_332;)V",
        "renderOverlayMessage": "Lnet/minecraft/class_329;method_55800(Lnet/minecraft/class_332;Lnet/minecraft/class_9779;)V",
        "renderStatusBars": "Lnet/minecraft/class_329;method_1760(Lnet/minecraft/class_332;)V"
      },
      "net/integr/mixin/KeyboardMixin": {
        "onKey": "Lnet/minecraft/class_309;method_1466(JIIII)V"
      },
      "net/integr/mixin/LightMapTextureManagerMixin": {
        "Lnet/minecraft/client/texture/NativeImage;setColor(III)V": "Lnet/minecraft/class_1011;method_4305(III)V",
        "update": "Lnet/minecraft/class_765;method_3313(F)V"
      },
      "net/integr/mixin/LivingEntityMixin": {
        "damage": "Lnet/minecraft/class_1309;method_5643(Lnet/minecraft/class_1282;F)Z",
        "getHandSwingDuration": "Lnet/minecraft/class_1309;method_6028()I",
        "onDeath": "Lnet/minecraft/class_1309;method_6078(Lnet/minecraft/class_1282;)V"
      },
      "net/integr/mixin/LivingEntityRendererMixin": {
        "hasLabel(Lnet/minecraft/entity/LivingEntity;)Z": "Lnet/minecraft/class_922;method_4055(Lnet/minecraft/class_1309;)Z",
        "render(Lnet/minecraft/entity/LivingEntity;FFLnet/minecraft/client/util/math/MatrixStack;Lnet/minecraft/client/render/VertexConsumerProvider;I)V": "Lnet/minecraft/class_922;method_4054(Lnet/minecraft/class_1309;FFLnet/minecraft/class_4587;Lnet/minecraft/class_4597;I)V"
      },
      "net/integr/mixin/MainMixin": {
        "main": "Lnet/minecraft/client/main/Main;main([Ljava/lang/String;)V"
      },
      "net/integr/mixin/MinecraftClientAccessor": {
        "abuseReportContext": "field_39492:Lnet/minecraft/class_7574;",
        "authenticationService": "field_39420:Lcom/mojang/authlib/yggdrasil/YggdrasilAuthenticationService;",
        "currentFps": "field_1738:I",
        "doAttack": "method_1536()Z",
        "gameProfileFuture": "field_45899:Ljava/util/concurrent/CompletableFuture;",
        "networkProxy": "field_1739:Ljava/net/Proxy;",
        "profileKeys": "field_39068:Lnet/minecraft/class_7853;",
        "resourceReloadLogger": "field_33697:Lnet/minecraft/class_6360;",
        "session": "field_1726:Lnet/minecraft/class_320;",
        "sessionService": "field_1723:Lcom/mojang/authlib/minecraft/MinecraftSessionService;",
        "skinProvider": "field_1707:Lnet/minecraft/class_1071;",
        "socialInteractionsManager": "field_26842:Lnet/minecraft/class_5520;",
        "userApiService": "field_26902:Lcom/mojang/authlib/minecraft/UserApiService;"
      },
      "net/integr/mixin/MinecraftClientMixin": {
        "cleanUpAfterCrash": "Lnet/minecraft/class_310;method_1519()V",
        "doAttack": "Lnet/minecraft/class_310;method_1536()Z",
        "doItemPick": "Lnet/minecraft/class_310;method_1511()V",
        "doItemUse": "Lnet/minecraft/class_310;method_1583()V",
        "hasOutline": "Lnet/minecraft/class_310;method_27022(Lnet/minecraft/class_1297;)Z",
        "joinWorld": "Lnet/minecraft/class_310;method_1481(Lnet/minecraft/class_638;Lnet/minecraft/class_434$class_9678;)V",
        "stop": "Lnet/minecraft/class_310;method_1490()V",
        "tick": "Lnet/minecraft/class_310;method_1574()V"
      },
      "net/integr/mixin/OtherClientPlayerEntityMixin": {
        "damage": "Lnet/minecraft/class_745;method_5643(Lnet/minecraft/class_1282;F)Z",
        "tick": "Lnet/minecraft/class_745;method_5773()V"
      },
      "net/integr/mixin/PlayerEntityRendererMixin": {
        "scale(Lnet/minecraft/client/network/AbstractClientPlayerEntity;Lnet/minecraft/client/util/math/MatrixStack;F)V": "Lnet/minecraft/class_1007;method_4217(Lnet/minecraft/class_742;Lnet/minecraft/class_4587;F)V"
      },
      "net/integr/mixin/PlayerInteractItemC2SPacketAccessor": {
        "pitch": "field_51931:F",
        "yaw": "field_51930:F"
      },
      "net/integr/mixin/PlayerMoveC2SPacketAccessor": {
        "changeLook": "field_12888:Z",
        "changePosition": "field_12890:Z",
        "onGround": "field_29179:Z",
        "pitch": "field_12885:F",
        "y": "field_12886:D",
        "yaw": "field_12887:F"
      },
      "net/integr/mixin/TitleScreenMixin": {
        "init": "Lnet/minecraft/class_442;method_25426()V",
        "mouseClicked": "Lnet/minecraft/class_442;method_25402(DDI)Z",
        "render": "Lnet/minecraft/class_442;method_25394(Lnet/minecraft/class_332;IIF)V"
      },
      "net/integr/mixin/WorldRendererAccessor": {
        "entityOutlinesFramebuffer": "field_4101:Lnet/minecraft/class_276;"
      },
      "net/integr/mixin/WorldRendererMixin": {
        "Lnet/minecraft/client/gl/PostEffectProcessor;render(F)V": "Lnet/minecraft/class_279;method_1258(F)V",
        "Lnet/minecraft/client/render/OutlineVertexConsumerProvider;draw()V": "Lnet/minecraft/class_4618;method_23285()V",
        "render": "Lnet/minecraft/class_761;method_22710(Lnet/minecraft/class_9779;ZLnet/minecraft/class_4184;Lnet/minecraft/class_757;Lnet/minecraft/class_765;Lorg/joml/Matrix4f;Lorg/joml/Matrix4f;)V",
        "renderEntity": "Lnet/minecraft/class_761;method_22977(Lnet/minecraft/class_1297;DDDFLnet/minecraft/class_4587;Lnet/minecraft/class_4597;)V",
        "spawnParticle(Lnet/minecraft/particle/ParticleEffect;ZZDDDDDD)Lnet/minecraft/client/particle/Particle;": "Lnet/minecraft/class_761;method_3288(Lnet/minecraft/class_2394;ZZDDDDDD)Lnet/minecraft/class_703;"
      },
      "net/integr/mixin/YggdrasilMinecraftSessionServiceAccessor": {
        "<init>": "<init>"
      }
    }
  }
}